LENDER_INST_TYPE_DESCRIPTION,Loan_Count,Average Current_balance,Max Current_balance,Min Current_balance
Bank Owned Mortgage Company - National,187,242899.80213903743,720000,43225
Community Banks,499,211839.96392785572,729750,28500
Credit Unions,374,175149.60160427808,578250,22500
Mortgage Banker - (Large),279,260374.3835125448,729750,59000
Mortgage Banker - Bank Owned,661,236262.68986384265,625500,25018
